Student_ID,Gender,Activity_Level,Study_Hours,Exam_Score,BMI,Daily_Steps
101,Female,Moderate,4.5,68,21.5,8200
102,Male,High,7.0,85,23.1,11500
103,Female,Low,2.0,52,24.8,4100
104,Male,Moderate,5.5,74,22.0,7800
105,Female,High,8.0,92,19.8,12300
106,Male,Low,3.0,58,26.4,3900
107,Female,Moderate,6.0,81,20.5,8900
108,Male,High,9.5,96,22.8,13100
109,Female,Low,1.5,45,25.2,3200
110,Male,Moderate,5.0,70,23.5,7500
111,Female,High,6.5,83,21.0,10400
112,Male,Low,4.0,62,27.1,5100
113,Female,Moderate,7.5,89,20.1,9100
114,Male,High,8.5,91,21.9,12800
115,Female,Low,2.5,50,24.3,4600
116,Male,Moderate,6.0,77,23.0,8400
117,Female,High,7.0,86,19.5,11000
118,Male,Low,3.5,60,25.8,4800
119,Female,Moderate,5.0,72,22.4,7600
120,Male,High,9.0,94,22.1,13500